<?xml version="1.0" encoding="UTF-8"?>
<controllers>
	<control>
		<control-name>user</control-name>
		<control-class>controller.UserPageController</control-class>
	</control>
	<control>
		<control-name>root</control-name>
		<control-class>controller.RootController</control-class>
	</control>
	
	<control>
		<control-name>shop</control-name>
		<control-class>controller.ShopPageController</control-class>
	</control>
	<control>
		<control-name>check</control-name>
		<control-class>controller.CheckController</control-class>
	</control>
	<view>
		<prefix>/WEB-INF/view</prefix>
		<suffix>.jsp</suffix>
	</view>
</controllers>